"RK","Player","Pos","Team                     Currently With","Age                     At Signing","Start","End","Yrs","Value","AAV","Signing Bonus","2-Year Cash","3-Year Cash"
"1","Juan Soto","RF","NYM                  NYM","26","2025","2039","15","$765,000,000","$51,000,000","$75,000,000","$168,750,000","$211,250,000"
"2","Shohei Ohtani","DH","LAD                  LAD","29","2024","2033","10","$700,000,000","$70,000,000","","$4,000,000","$6,000,000"
"3","Aaron Judge","CF","NYY                  NYY","30","2023","2031","9","$360,000,000","$40,000,000","","$80,000,000","$120,000,000"
"4","Manny Machado","3B","SD                  SD","30","2023","2033","11","$350,000,000","$31,818,182","$45,000,000","$36,000,000","$49,000,000"
"5","Rafael Devers","3B","SF                  SF","26","2023","2033","10","$313,500,000","$31,350,000","$20,000,000","$47,500,000","$65,081,814"
"6","Trea Turner","SS","PHI                  PHI","29","2023","2033","11","$300,000,000","$27,272,727","","$54,595,454","$81,868,181"
"7","Bobby Witt Jr.","SS","KC                  KC","23","2024","2037","11","$288,777,777","$26,252,525","$7,777,777","$16,777,777","$29,777,777"
"8","Xander Bogaerts","2B","SD                  SD","30","2023","2033","11","$280,000,000","$25,454,545","$5,000,000","$55,000,000","$80,000,000"
"9","Austin Riley","3B","ATL                  ATL","25","2023","2033","10","$212,000,000","$21,200,000","","$36,000,000","$58,000,000"
"10","Julio Rodriguez","CF","SEA                  SEA","21","2023","2034","12","$209,300,000","$17,441,667","$15,000,000","$31,700,306","$49,750,306"
"11","Carlos Correa","SS","MIN                  MIN","28","2023","2032","6","$200,000,000","$33,333,333","","$72,100,000","$108,100,000"
"12","Willy Adames","SS","SF                  SF","29","2025","2031","7","$182,000,000","$26,000,000","$22,000,000","$42,000,000","$70,000,000"
"13","Dansby Swanson","SS","CHC                  CHC","28","2023","2029","7","$177,000,000","$25,285,714","$7,000,000","$45,000,000","$72,000,000"
"14","Brandon Nimmo","LF","NYM                  NYM","29","2023","2030","8","$162,000,000","$20,250,000","$2,000,000","$40,500,000","$60,750,000"
"15","Matt Chapman","3B","SF                  SF","31","2025","2030","6","$151,000,000","$25,166,667","$1,000,000","$51,000,000","$76,000,000"
"16","Will Smith","C","LAD                  LAD","28","2024","2033","10","$140,000,000","$14,000,000","$30,000,000","$46,550,000","$54,550,000"
"17","Jose Altuve","2B","HOU                  HOU","33","2025","2029","5","$125,000,000","$25,000,000","$15,000,000","$60,000,000","$90,000,000"
"18","Alex Bregman","2B","BOS                  BOS","30","2025","2027","3","$120,000,000","$40,000,000","$5,000,000","$40,000,000","$60,000,000"
"19","Ketel Marte","2B","ARI                  ARI","31","2025","2031","6","$116,500,000","$19,416,667","","$29,000,000","$41,000,000"
"20","Yordan Alvarez","DH","HOU                  HOU","24","2023","2028","6","$115,000,000","$19,166,667","$5,000,000","$22,000,000","$37,000,000"
"21","Jung Hoo Lee","CF","SF                  SF","25","2024","2029","6","$113,000,000","$18,833,333","$5,000,000","$28,000,000","$50,000,000"
"22","Corbin Carroll","OF","ARI                  ARI","22","2023","2031","8","$111,000,000","$13,875,000","$5,000,000","$11,347,870","$16,347,870"
"23","Bryan Reynolds","RF","PIT                  PIT","28","2023","2031","8","$106,750,000","$13,343,750","$2,000,000","$18,800,000","$30,800,000"
"24","Andres Gimenez","2B","TOR                  TOR","24","2023","2030","7","$106,500,000","$15,214,286","$4,000,000","$10,608,541","$20,608,541"
"25","Cal Raleigh","C","SEA                  SEA","28","2025","2030","6","$105,000,000","$17,500,000","$10,000,000","$22,000,000","$34,000,000"
"26","Anthony Santander","RF","TOR                  TOR","30","2025","2030","5","$92,500,000","$18,500,000","$13,500,000","$16,750,000","$23,250,000"
"27","Masataka Yoshida","DH","BOS                  BOS","29","2023","2027","5","$90,000,000","$18,000,000","$3,000,000","$36,000,000","$54,000,000"
"28","Willson Contreras","1B","STL                  STL","30","2023","2028","5","$87,500,000","$17,500,000","","$28,000,000","$46,000,000"
"29","Jackson Chourio","LF","MIL                  MIL","19","2024","2033","8","$82,000,000","$10,250,000","$2,000,000","$8,901,335","$15,901,335"
"T30","Cody Bellinger","CF","NYY                  NYY","28","2024","2026","3","$80,000,000","$26,666,667","","$55,000,000","$80,000,000"
"T30","Jake Cronenworth","1B","SD                  SD","29","2024","2030","7","$80,000,000","$11,428,571","$2,000,000","$20,000,000","$32,000,000"
"32","Andrew Benintendi","LF","CHW                  CHW","28","2023","2027","5","$75,000,000","$15,000,000","$3,000,000","$27,500,000","$44,000,000"
"33","Tommy Edman","CF","LAD                  LAD","29","2025","2030","5","$74,000,000","$14,800,000","$17,000,000","$28,000,000","$34,000,000"
"34","Sean Murphy","C","ATL                  ATL","28","2023","2028","6","$73,000,000","$12,166,667","","$13,000,000","$28,000,000"
"35","Michael Harris II","CF","ATL                  ATL","21","2023","2032","8","$72,000,000","$9,000,000","","$10,843,696","$18,843,696"
"36","Teoscar Hernandez","LF","LAD                  LAD","32","2025","2028","3","$66,000,000","$22,000,000","$23,000,000","$29,500,000","$36,000,000"
"37","Lawrence Butler","RF","ATH                  ATH","24","2025","2032","7","$65,500,000","$9,357,143","$3,000,000","$8,500,000","$13,500,000"
"38","Ezequiel Tovar","SS","COL                  COL","22","2024","2031","7","$63,500,000","$9,071,429","$1,500,000","$7,485,706","$12,485,706"
"39","Ian Happ","LF","CHC                  CHC","28","2024","2026","3","$61,000,000","$20,333,333","$3,000,000","$40,000,000","$58,000,000"
"T40","Christian Walker","1B","HOU                  HOU","33","2025","2027","3","$60,000,000","$20,000,000","","$40,000,000","$60,000,000"
"T40","Brent Rooker","DH","ATH                  ATH","29","2025","2030","5","$60,000,000","$12,000,000","$10,000,000","$18,000,000","$30,000,000"
"42","Pete Alonso","1B","NYM                  NYM","30","2025","2026","2","$54,000,000","$27,000,000","$10,000,000","$54,000,000","$54,000,000"
"T43","Ceddanne Rafaela","SS","BOS                  BOS","23","2024","2032","8","$50,000,000","$6,250,000","$2,000,000","$4,000,000","$6,000,000"
"T43","Jeff McNeil","2B","NYM                  NYM","30","2023","2027","4","$50,000,000","$12,500,000","","$16,500,000","$32,250,000"
"T43","Keibert Ruiz","C","WSH                  WSH","24","2023","2032","8","$50,000,000","$6,250,000","$3,000,000","$10,000,000","$15,000,000"
"46","Tyler O'Neill","LF","BAL                  BAL","29","2025","2027","3","$49,500,000","$16,500,000","","$33,000,000","$49,500,000"
"T47","Jurickson Profar","LF","ATL                  ATL","31","2025","2027","3","$42,000,000","$14,000,000","","$23,193,548","$38,193,548"
"T47","Jorge Soler","RF","LAA                  LAA","31","2024","2026","3","$42,000,000","$14,000,000","$9,000,000","$15,295,674","$28,295,674"
"T47","Lourdes Gurriel Jr.","OF","ARI                  ARI","30","2024","2027","3","$42,000,000","$14,000,000","","$24,000,000","$37,000,000"
"50","Joc Pederson","DH","TEX                  TEX","32","2025","2027","2","$37,000,000","$18,500,000","$5,500,000","$37,000,000","$37,000,000"
"51","Nico Hoerner","2B","CHC                  CHC","25","2024","2026","3","$35,000,000","$11,666,667","","$23,000,000","$35,000,000"
"52","Rhys Hoskins","DH","MIL                  MIL","30","2024","2026","2","$34,000,000","$17,000,000","","$30,000,000","$30,000,000"
"53","Bo Bichette","SS","TOR                  TOR","24","2023","2025","3","$33,600,000","$11,200,000","$3,250,000","$17,100,000","$33,600,000"
"54","Christian Vazquez","C","MIN                  MIN","32","2023","2025","3","$30,000,000","$10,000,000","","$20,000,000","$30,000,000"
"55","Ha-seong Kim","SS","TB                  TB","29","2025","2026","2","$29,000,000","$14,500,000","","$29,000,000","$29,000,000"
"56","Colt Keith","2B","DET                  DET","22","2024","2032","6","$28,642,500","$4,773,750","$2,000,000","$8,242,569","$12,242,569"
"57","Vladimir Guerrero Jr.","1B","TOR                  TOR","25","2025","2025","1","$28,500,000","$28,500,000","","$48,550,000","$48,550,000"
"T58","Mitch Garver","DH","SEA                  SEA","32","2024","2026","2","$24,000,000","$12,000,000","$2,000,000","$23,000,000","$24,000,000"
"T58","Max Muncy","3B","LAD                  LAD","33","2024","2026","2","$24,000,000","$12,000,000","$5,000,000","$24,000,000","$24,000,000"
"T58","Yandy Diaz","1B","TB                  TB","31","2023","2026","3","$24,000,000","$8,000,000","","$14,000,000","$24,000,000"
"61","Michael Conforto","LF","LAD                  LAD","31","2025","2025","1","$17,000,000","$17,000,000","$8,500,000","$17,000,000","$17,000,000"
"T62","Kyle Tucker","RF","CHC                  CHC","27","2025","2025","1","$16,500,000","$16,500,000","","$16,500,000","$16,500,000"
"T62","Wilmer Flores","1B","SF                  SF","31","2023","2025","3","$16,500,000","$5,500,000","","$13,000,000","$16,500,000"
"T64","Gleyber Torres","2B","DET                  DET","28","2025","2025","1","$15,000,000","$15,000,000","","$15,000,000","$15,000,000"
"T64","Isiah Kiner-Falefa","SS","PIT                  PIT","28","2024","2025","2","$15,000,000","$7,500,000","","$6,533,000","$6,533,000"
"T66","Luis Arraez","1B","SD                  SD","27","2025","2025","1","$14,000,000","$14,000,000","","$14,000,000","$14,000,000"
"T66","Adolis García","RF","TEX                  TEX","30","2024","2025","2","$14,000,000","$7,000,000","","$15,250,000","$15,250,000"
"68","Kyle Higashioka","C","TEX                  TEX","34","2025","2027","2","$13,500,000","$6,750,000","","$12,500,000","$13,500,000"
"T69","Hyeseong Kim","2B","LAD                  LAD","25","2025","2029","3","$12,500,000","$4,166,667","$1,000,000","$7,250,000","$11,000,000"
"T69","Paul Goldschmidt","1B","NYY                  NYY","37","2025","2025","1","$12,500,000","$12,500,000","","$12,500,000","$12,500,000"
"T71","Carlos Santana","1B","CLE                  CLE","38","2025","2025","1","$12,000,000","$12,000,000","","$12,000,000","$12,000,000"
"T71","Travis d'Arnaud","C","LAA                  LAA","35","2025","2026","2","$12,000,000","$6,000,000","","$12,000,000","$12,000,000"
"T71","Victor Caratini","C","HOU                  HOU","30","2024","2025","2","$12,000,000","$6,000,000","","$12,000,000","$12,000,000"
"74","Carson Kelly","C","CHC                  CHC","30","2025","2027","2","$11,500,000","$5,750,000","","$10,000,000","$11,500,000"
"75","Randy Arozarena","LF","SEA                  SEA","29","2025","2025","1","$11,300,000","$11,300,000","","$11,300,000","$11,300,000"
"76","Miguel Rojas","SS","LAD                  LAD","33","2023","2025","2","$11,000,000","$5,500,000","$1,500,000","$10,000,000","$15,000,000"
"77","Josh Naylor","1B","ARI                  ARI","27","2025","2025","1","$10,900,000","$10,900,000","","$10,900,000","$10,900,000"
"78","Nathaniel Lowe","1B","WSH                  WSH","29","2025","2025","1","$10,300,000","$10,300,000","","$10,300,000","$10,300,000"
"79","Max Kepler","RF","PHI                  PHI","31","2025","2025","1","$10,000,000","$10,000,000","","$10,000,000","$10,000,000"
"80","Victor Robles","CF","SEA                  SEA","27","2025","2027","2","$9,750,000","$4,875,000","$1,250,000","$9,250,000","$9,750,000"
"81","Mike Yastrzemski","RF","SF                  SF","34","2025","2025","1","$9,250,000","$9,250,000","","$9,250,000","$9,250,000"
"82","Dylan Moore","2B","SEA                  SEA","30","2023","2025","3","$8,875,000","$2,958,333","","$5,300,000","$9,125,000"
"83","Jonathan India","2B","KC                  KC","26","2024","2025","2","$8,800,000","$4,400,000","","$10,850,000","$10,850,000"
"84","Cedric Mullins","CF","BAL                  BAL","30","2025","2025","1","$8,725,000","$8,725,000","","$8,725,000","$8,725,000"
"T85","Gary Sánchez","DH","BAL                  BAL","32","2025","2025","1","$8,500,000","$8,500,000","","$8,500,000","$8,500,000"
"T85","Danny Jansen","C","TB                  TB","29","2025","2026","1","$8,500,000","$8,500,000","","$8,500,000","$8,500,000"
"87","Tom Murphy","C","SF                  SF","32","2024","2026","2","$8,250,000","$4,125,000","","$8,000,000","$8,250,000"
"88","Daulton Varsho","LF","TOR                  TOR","28","2025","2025","1","$8,200,000","$8,200,000","","$8,200,000","$8,200,000"
"T89","Lane Thomas","CF","CLE                  CLE","29","2025","2025","1","$7,825,000","$7,825,000","","$7,825,000","$7,825,000"
"T89","Taylor Ward","LF","LAA                  LAA","31","2025","2025","1","$7,825,000","$7,825,000","","$7,825,000","$7,825,000"
"91","Jorge Polanco","2B","SEA                  SEA","31","2025","2026","1","$7,750,000","$7,750,000","","$7,750,000","$7,750,000"
"92","Alec Bohm","3B","PHI                  PHI","28","2025","2025","1","$7,700,000","$7,700,000","","$7,700,000","$7,700,000"
"93","Jesse Winker","LF","NYM                  NYM","31","2025","2025","1","$7,500,000","$7,500,000","$1,000,000","$7,500,000","$7,500,000"
"94","Ryan Mountcastle","1B","BAL                  BAL","27","2025","2025","1","$6,787,000","$6,787,000","","$6,787,000","$6,787,000"
"95","Isaac Paredes","3B","HOU                  HOU","25","2025","2025","1","$6,625,000","$6,625,000","","$6,625,000","$6,625,000"
"96","Enrique Hernandez","SS","LAD                  LAD","33","2025","2025","1","$6,500,000","$6,500,000","","$6,500,000","$6,500,000"
"97","Willi Castro","CF","MIN                  MIN","27","2025","2025","1","$6,400,000","$6,400,000","","$6,400,000","$6,400,000"
"98","Harrison Bader","CF","MIN                  MIN","30","2025","2026","1","$6,250,000","$6,250,000","$750,000","$6,250,000","$6,250,000"
"99","William Contreras","C","MIL                  MIL","27","2025","2026","1","$6,100,000","$6,100,000","","$6,100,000","$6,100,000"
"T100","Justin Turner","DH","CHC                  CHC","40","2025","2026","1","$6,000,000","$6,000,000","","$6,000,000","$6,000,000"
"T100","Josh Bell","1B","WSH                  WSH","32","2025","2025","1","$6,000,000","$6,000,000","","$6,000,000","$6,000,000"
"102","Luis Rengifo","3B","LAA                  LAA","27","2025","2025","1","$5,950,000","$5,950,000","","$5,950,000","$5,950,000"
"T103","Jazz Chisholm","3B","NYY                  NYY","26","2025","2025","1","$5,850,000","$5,850,000","","$5,850,000","$5,850,000"
"T103","Andrew Vaughn","1B","MIL                  MIL","26","2025","2025","1","$5,850,000","$5,850,000","","$4,602,151","$4,602,151"
"105","Adley Rutschman","C","BAL                  BAL","26","2025","2025","1","$5,500,000","$5,500,000","","$5,500,000","$5,500,000"
"T106","Yoan Moncada","3B","LAA                  LAA","29","2025","2025","1","$5,000,000","$5,000,000","","$5,000,000","$5,000,000"
"T106","Randal Grichuk","RF","ARI                  ARI","33","2025","2026","1","$5,000,000","$5,000,000","","$5,000,000","$5,000,000"
"T106","Austin Hays","LF","CIN                  CIN","29","2025","2026","1","$5,000,000","$5,000,000","","$5,000,000","$5,000,000"
"T106","Trent Grisham","CF","NYY                  NYY","28","2025","2025","1","$5,000,000","$5,000,000","","$5,000,000","$5,000,000"
"T106","LaMonte Wade Jr.","1B","LAA                  LAA","31","2025","2025","1","$5,000,000","$5,000,000","","$1,518,849","$1,518,849"
"T106","Mauricio Dubon","RF","HOU                  HOU","30","2025","2025","1","$5,000,000","$5,000,000","","$5,000,000","$5,000,000"
"T106","Andrew McCutchen","DH","PIT                  PIT","38","2025","2025","1","$5,000,000","$5,000,000","","$5,000,000","$5,000,000"
"113","Tyler Stephenson","C","CIN                  CIN","28","2025","2025","1","$4,925,000","$4,925,000","","$4,925,000","$4,925,000"
"114","Alejandro Kirk","C","TOR                  TOR","26","2025","2025","1","$4,600,000","$4,600,000","","$4,600,000","$4,600,000"
"115","Jonah Heim","C","TEX                  TEX","29","2025","2025","1","$4,575,000","$4,575,000","","$4,575,000","$4,575,000"
"116","Ryan Jeffers","C","MIN                  MIN","27","2025","2025","1","$4,550,000","$4,550,000","","$4,550,000","$4,550,000"
"T117","Luis Garcia","2B","WSH                  WSH","24","2025","2025","1","$4,500,000","$4,500,000","","$4,500,000","$4,500,000"
"T117","Jesús Sánchez","LF","MIA                  MIA","27","2025","2025","1","$4,500,000","$4,500,000","","$4,500,000","$4,500,000"
"119","Steven Kwan","LF","CLE                  CLE","27","2025","2025","1","$4,175,000","$4,175,000","","$4,175,000","$4,175,000"
"120","Jeremy Pena","SS","HOU                  HOU","27","2025","2025","1","$4,100,000","$4,100,000","","$4,100,000","$4,100,000"
"121","Tommy Pham","RF","PIT                  PIT","36","2025","2025","1","$4,025,000","$4,025,000","","$4,025,000","$4,025,000"
"T122","Ramon Laureano","LF","BAL                  BAL","30","2025","2026","1","$4,000,000","$4,000,000","","$4,000,000","$4,000,000"
"T122","Thairo Estrada","2B","COL                  COL","28","2025","2026","1","$4,000,000","$4,000,000","","$10,250,000","$10,250,000"
"T122","Austin Hedges","C","CLE                  CLE","32","2025","2025","1","$4,000,000","$4,000,000","","$4,000,000","$4,000,000"
"125","Jarren Duran","CF","BOS                  BOS","28","2025","2026","1","$3,850,000","$3,850,000","","$3,850,000","$3,850,000"
"126","Jorge Mateo","SS","BAL                  BAL","29","2025","2026","1","$3,550,000","$3,550,000","","$3,550,000","$3,550,000"
"T127","Elias Diaz","C","SD                  SD","34","2025","2026","1","$3,500,000","$3,500,000","","$3,500,000","$3,500,000"
"T127","Donovan Solano","2B","SEA                  SEA","37","2025","2025","1","$3,500,000","$3,500,000","","$3,500,000","$3,500,000"
"T127","Josh Rojas","3B","CHW                  CHW","30","2025","2025","1","$3,500,000","$3,500,000","","$3,500,000","$3,500,000"
"T127","Ryan O'Hearn","1B","BAL                  BAL","30","2024","2025","1","$3,500,000","$3,500,000","","$11,500,000","$11,500,000"
"131","Jose Trevino","C","CIN                  CIN","32","2025","2025","1","$3,425,000","$3,425,000","","$3,425,000","$3,425,000"
"132","Chas McCormick","CF","HOU                  HOU","29","2025","2025","1","$3,400,000","$3,400,000","","$3,400,000","$3,400,000"
"133","Gavin Lux","2B","CIN                  CIN","27","2025","2025","1","$3,325,000","$3,325,000","","$3,325,000","$3,325,000"
"134","Kyle Farmer","SS","COL                  COL","34","2025","2026","1","$3,250,000","$3,250,000","","$3,250,000","$3,250,000"
"135","Bryson Stott","2B","PHI                  PHI","27","2025","2025","1","$3,200,000","$3,200,000","","$3,200,000","$3,200,000"
"136","Ramon Urias","3B","BAL                  BAL","30","2025","2025","1","$3,150,000","$3,150,000","","$3,150,000","$3,150,000"
"137","Jake Fraley","DH","CIN                  CIN","29","2025","2025","1","$3,125,000","$3,125,000","","$3,125,000","$3,125,000"
"138","Tyrone Taylor","CF","NYM                  NYM","30","2025","2025","1","$3,025,000","$3,025,000","","$3,025,000","$3,025,000"
"139","Matt Vierling","RF","DET                  DET","28","2025","2025","1","$3,005,000","$3,005,000","","$3,005,000","$3,005,000"
"T140","Jose Iglesias","3B","SD                  SD","35","2025","2025","1","$3,000,000","$3,000,000","","$3,000,000","$3,000,000"
"T140","Edmundo Sosa","3B","PHI                  PHI","28","2025","2025","1","$3,000,000","$3,000,000","","$3,000,000","$3,000,000"
"T140","Brandon Marsh","CF","PHI                  PHI","27","2025","2025","1","$3,000,000","$3,000,000","","$3,000,000","$3,000,000"
"T140","Miguel Andujar","3B","ATH                  ATH","29","2025","2025","1","$3,000,000","$3,000,000","","$3,000,000","$3,000,000"
"144","Lars Nootbaar","CF","STL                  STL","27","2025","2025","1","$2,950,000","$2,950,000","","$2,950,000","$2,950,000"
"145","Brendan Donovan","LF","STL                  STL","27","2025","2025","1","$2,850,000","$2,850,000","","$2,850,000","$2,850,000"
"146","Kevin Newman","SS","LAA                  LAA","31","2025","2026","1","$2,750,000","$2,750,000","","$2,750,000","$2,750,000"
"147","Jake Rogers","C","DET                  DET","29","2025","2025","1","$2,640,000","$2,640,000","","$2,640,000","$2,640,000"
"148","Geraldo Perdomo","SS","ARI                  ARI","25","2025","2025","1","$2,550,000","$2,550,000","","$7,550,000","$7,550,000"
"T149","Santiago Espinal","3B","CIN                  CIN","30","2025","2025","1","$2,400,000","$2,400,000","","$2,400,000","$2,400,000"
"T149","Jose Siri","CF","NYM                  NYM","29","2025","2025","1","$2,400,000","$2,400,000","","$2,400,000","$2,400,000"
"151","Jake Meyers","CF","HOU                  HOU","28","2025","2025","1","$2,300,000","$2,300,000","","$2,300,000","$2,300,000"
"152","Giovanny Urshela","3B","ATH                  ATH","33","2025","2025","1","$2,150,000","$2,150,000","","$2,150,000","$2,150,000"
"T153","Trevor Larnach","LF","MIN                  MIN","27","2025","2025","1","$2,100,000","$2,100,000","","$2,100,000","$2,100,000"
"T153","Jo Adell","RF","LAA                  LAA","25","2025","2025","1","$2,100,000","$2,100,000","","$2,100,000","$2,100,000"
"T155","Brendan Rodgers","2B","HOU                  HOU","28","2025","2025","1","$2,000,000","$2,000,000","","$2,000,000","$2,000,000"
"T155","Jon Berti","2B","CHC                  CHC","35","2025","2025","1","$2,000,000","$2,000,000","","$2,000,000","$2,000,000"
"T155","Amed Rosario","SS","WSH                  WSH","29","2025","2025","1","$2,000,000","$2,000,000","","$2,000,000","$2,000,000"
"T155","Rob Refsnyder","RF","BOS                  BOS","32","2024","2025","1","$2,000,000","$2,000,000","","$3,950,000","$3,950,000"
"159","Ernie Clement","2B","TOR                  TOR","28","2025","2025","1","$1,970,000","$1,970,000","","$1,970,000","$1,970,000"
"T160","Michael A. Taylor","CF","CHW                  CHW","33","2025","2025","1","$1,950,000","$1,950,000","","$1,950,000","$1,950,000"
"T160","Mike Tauchman","CF","CHW                  CHW","34","2025","2025","1","$1,950,000","$1,950,000","","$1,950,000","$1,950,000"
"162","Nick Fortes","C","MIA                  MIA","28","2025","2025","1","$1,860,000","$1,860,000","","$1,860,000","$1,860,000"
"T163","Kyle Isbel","CF","KC                  KC","27","2025","2025","1","$1,750,000","$1,750,000","","$1,750,000","$1,750,000"
"T163","Austin Slater","LF","CHW                  CHW","31","2025","2025","1","$1,750,000","$1,750,000","","$1,750,000","$1,750,000"
"165","Zach McKinstry","2B","DET                  DET","29","2025","2025","1","$1,650,000","$1,650,000","","$1,650,000","$1,650,000"
"166","Royce Lewis","3B","MIN                  MIN","25","2025","2025","1","$1,625,000","$1,625,000","","$1,625,000","$1,625,000"
"167","Gavin Sheets","RF","SD                  SD","28","2025","2025","1","$1,600,000","$1,600,000","","$1,600,000","$1,600,000"
"168","Adam Frazier","2B","PIT                  PIT","33","2025","2025","1","$1,525,000","$1,525,000","","$1,525,000","$1,525,000"
"T169","Luis Torrens","C","NYM                  NYM","28","2025","2025","1","$1,500,000","$1,500,000","","$1,500,000","$1,500,000"
"T169","Pavin Smith","OF","ARI                  ARI","28","2025","2025","1","$1,500,000","$1,500,000","","$1,500,000","$1,500,000"
"T171","Jake Bauers","1B","MIL                  MIL","29","2025","2025","1","$1,400,000","$1,400,000","","$1,400,000","$1,400,000"
"T171","Mark Canha","1B","KC                  KC","36","2025","2025","1","$1,400,000","$1,400,000","","$1,400,000","$1,400,000"
"T171","Taylor Walls","SS","TB                  TB","28","2025","2026","1","$1,400,000","$1,400,000","","$1,400,000","$1,400,000"
"T174","Nick Madrigal","2B","NYM                  NYM","27","2025","2025","1","$1,350,000","$1,350,000","","$1,350,000","$1,350,000"
"T174","Eric Haase","C","MIL                  MIL","32","2025","2025","1","$1,350,000","$1,350,000","","$1,350,000","$1,350,000"
"176","Mickey Moniak","CF","COL                  COL","26","2025","2025","1","$1,250,000","$1,250,000","","$1,250,000","$1,250,000"
"177","Joey Bart","C","PIT                  PIT","28","2025","2025","1","$1,175,000","$1,175,000","","$1,175,000","$1,175,000"
"178","Jared Young","1B","NYM                  NYM","29","2025","2025","1","$1,150,000","$1,150,000","","$698,679","$698,679"
"T179","Austin Wynns","C","ATH                  ATH","34","2025","2025","1","$1,100,000","$1,100,000","","$668,280","$668,280"
"T179","Luis Urias","3B","ATH                  ATH","27","2025","2025","1","$1,100,000","$1,100,000","","$1,100,000","$1,100,000"
"T181","James McCann","C","ARI                  ARI","35","2025","2025","1","$1,000,000","$1,000,000","","$521,472","$521,472"
"T181","Ildemaro Vargas","2B","ARI                  ARI","33","2025","2025","1","$1,000,000","$1,000,000","","$661,248","$661,248"
"T181","Luis Guillorme","2B","HOU                  HOU","30","2025","2025","1","$1,000,000","$1,000,000","","$575,268","$575,268"
"T181","Abraham Toro","3B","BOS                  BOS","28","2025","2025","1","$1,000,000","$1,000,000","","$801,075","$801,075"
"T181","Martin Maldonado","C","SD                  SD","38","2025","2025","1","$1,000,000","$1,000,000","","$1,000,000","$1,000,000"
"T181","Paul DeJong","3B","WSH                  WSH","31","2025","2025","1","$1,000,000","$1,000,000","","$1,000,000","$1,000,000"
"T181","Ty France","1B","MIN                  MIN","30","2025","2025","1","$1,000,000","$1,000,000","","$1,000,000","$1,000,000"
"T181","Connor Joe","1B","CIN                  CIN","32","2025","2025","1","$1,000,000","$1,000,000","","$768,768","$768,768"
"T181","Matt Thaiss","C","TB                  TB","29","2025","2025","1","$1,000,000","$1,000,000","","$672,000","$672,000"
"190","Andrew Knizner","C","SF                  SF","30","2025","2025","1","$943,548","$943,548","","",""
"T191","Sam Haggerty","2B","TEX                  TEX","30","2025","2025","1","$900,000","$900,000","","$691,935","$691,935"
"T191","Tyler Wade","SS","SD                  SD","29","2025","2026","1","$900,000","$900,000","","$900,000","$900,000"
"193","Anthony Volpe","SS","NYY                  NYY","23","2025","2025","1","$879,000","$879,000","","$879,000","$879,000"
"T194","Garrett Hampson","SS","STL                  STL","30","2025","2025","1","$850,000","$850,000","","$438,720","$438,720"
"T194","Riley Adams","C","WSH                  WSH","28","2025","2025","1","$850,000","$850,000","","$850,000","$850,000"
"196","Derek Hill","OF","MIA                  MIA","28","2025","2025","1","$831,000","$831,000","","$831,000","$831,000"
"197","Oswaldo Cabrera","LF","NYY                  NYY","25","2025","2025","1","$825,600","$825,600","","$825,600","$825,600"
"198","Riley Greene","LF","DET                  DET","24","2025","2025","1","$812,400","$812,400","","$812,400","$812,400"
"199","Jahmai Jones","2B","DET                  DET","27","2025","2025","1","$810,000","$810,000","","$500,806","$500,806"
"200","Jackson Merrill","CF","SD                  SD","21","2025","2025","1","$809,500","$809,500","","$809,500","$809,500"
"201","Yainer Diaz","C","HOU                  HOU","26","2025","2025","1","$805,600","$805,600","","$805,600","$805,600"
"202","Jake McCarthy","CF","ARI                  ARI","27","2025","2025","1","$803,900","$803,900","","$522,962","$522,962"
"203","Blake Perkins","RF","MIL                  MIL","28","2025","2025","1","$802,500","$802,500","","$802,500","$802,500"
"204","Austin Wells","C","NYY                  NYY","25","2025","2025","1","$801,400","$801,400","","$801,400","$801,400"
"T205","Enmanuel Valdez","2B","PIT                  PIT","25","2025","2025","1","$800,000","$800,000","","$795,685","$795,685"
"T205","James Outman","CF","LAD                  LAD","27","2025","2025","1","$800,000","$800,000","","$421,498","$421,498"
"207","Kerry Carpenter","DH","DET                  DET","27","2025","2025","1","$796,800","$796,800","","$796,800","$796,800"
"208","Vinnie Pasquantino","1B","KC                  KC","27","2025","2025","1","$793,250","$793,250","","$793,250","$793,250"
"T209","Gabriel Moreno","C","ARI                  ARI","24","2025","2025","1","$793,000","$793,000","","$793,000","$793,000"
"T209","Alek Thomas","CF","ARI                  ARI","24","2025","2025","1","$793,000","$793,000","","$793,000","$793,000"
"211","Bo Naylor","C","CLE                  CLE","24","2025","2025","1","$790,300","$790,300","","$790,300","$790,300"
"212","Michael Massey","DH","KC                  KC","26","2025","2025","1","$790,250","$790,250","","$790,250","$790,250"
"T213","Logan O'Hoppe","C","LAA                  LAA","24","2025","2025","1","$790,000","$790,000","","$790,000","$790,000"
"T213","Connor Wong","C","BOS                  BOS","28","2025","2025","1","$790,000","$790,000","","$790,000","$790,000"
"T213","Eli White","OF","ATL                  ATL","30","2025","2025","1","$790,000","$790,000","","$790,000","$790,000"
"T213","Jake Burger","1B","TEX                  TEX","28","2025","2025","1","$790,000","$790,000","","$747,472","$747,472"
"217","Mark Vientos","3B","NYM                  NYM","24","2025","2025","1","$788,750","$788,750","","$788,750","$788,750"
"218","Luke Raley","OF","SEA                  SEA","30","2025","2025","1","$787,400","$787,400","","$787,400","$787,400"
"219","Spencer Torkelson","1B","DET                  DET","25","2025","2025","1","$785,700","$785,700","","$785,700","$785,700"
"T220","Jack Suwinski","CF","PIT                  PIT","26","2025","2025","1","$785,000","$785,000","","$468,420","$468,420"
"T220","Oneil Cruz","CF","PIT                  PIT","26","2025","2025","1","$785,000","$785,000","","$785,000","$785,000"
"222","Vidal Brujan","2B","CHC                  CHC","26","2025","2025","1","$783,500","$783,500","","$783,500","$783,500"
"223","Nolan Gorman","2B","STL                  STL","24","2025","2025","1","$782,900","$782,900","","$782,900","$782,900"
"224","Ben Rice","1B","NYY                  NYY","25","2025","2025","1","$782,800","$782,800","","$782,800","$782,800"
"225","Miguel Amaya","C","CHC                  CHC","25","2025","2025","1","$782,500","$782,500","","$782,500","$782,500"
"226","Gunnar Henderson","SS","BAL                  BAL","23","2025","2025","1","$782,300","$782,300","","$782,300","$782,300"
"227","David Fry","C","CLE                  CLE","28","2025","2025","1","$781,900","$781,900","","$781,900","$781,900"
"228","Freddy Fermin","C","KC                  KC","29","2025","2025","1","$781,750","$781,750","","$781,750","$781,750"
"229","Parker Meadows","CF","DET                  DET","24","2025","2025","1","$781,600","$781,600","","$781,600","$781,600"
"230","CJ Abrams","SS","WSH                  WSH","23","2025","2025","1","$780,600","$780,600","","$780,600","$780,600"
"T231","Rafael Marchán","C","PHI                  PHI","25","2025","2025","1","$780,500","$780,500","","$780,500","$780,500"
"T231","Michael Busch","1B","CHC                  CHC","26","2025","2025","1","$780,500","$780,500","","$780,500","$780,500"
"T231","Josh H. Smith","SS","TEX                  TEX","27","2025","2025","1","$780,500","$780,500","","$780,500","$780,500"
"234","Tyler Heineman","C","TOR                  TOR","33","2025","2025","1","$780,300","$780,300","","$780,300","$780,300"
"T235","Nick Allen","SS","ATL                  ATL","26","2025","2025","1","$780,000","$780,000","","$780,000","$780,000"
"T235","Davis Schneider","3B","TOR                  TOR","25","2025","2025","1","$780,000","$780,000","","$591,354","$591,354"
"T235","Patrick Bailey","C","SF                  SF","25","2025","2025","1","$780,000","$780,000","","$780,000","$780,000"
"T235","Heliot Ramos","OF","SF                  SF","25","2025","2025","1","$780,000","$780,000","","$780,000","$780,000"
"T235","Casey Schmitt","3B","SF                  SF","25","2025","2025","1","$780,000","$780,000","","$780,000","$780,000"
"T235","Luis Matos","OF","SF                  SF","22","2025","2025","1","$780,000","$780,000","","$652,704","$652,704"
"T235","Zach Neto","SS","LAA                  LAA","23","2025","2025","1","$780,000","$780,000","","$780,000","$780,000"
"T235","Nolan Schanuel","1B","LAA                  LAA","22","2025","2025","1","$780,000","$780,000","","$780,000","$780,000"
"T235","Spencer Steer","LF","CIN                  CIN","26","2025","2025","1","$780,000","$780,000","","$780,000","$780,000"
"T235","T.J. Friedl","CF","CIN                  CIN","29","2025","2025","1","$780,000","$780,000","","$780,000","$780,000"
"T235","Wilyer Abreu","RF","BOS                  BOS","25","2025","2025","1","$780,000","$780,000","","$780,000","$780,000"
"246","Alec Burleson","RF","STL                  STL","25","2025","2025","1","$778,650","$778,650","","$778,650","$778,650"
"247","Otto Lopez","SS","MIA                  MIA","26","2025","2025","1","$778,500","$778,500","","$778,500","$778,500"
"248","Brice Turang","2B","MIL                  MIL","24","2025","2025","1","$777,100","$777,100","","$777,100","$777,100"
"249","José Caballero","SS","TB                  TB","28","2025","2025","1","$776,800","$776,800","","$776,800","$776,800"
"250","Ezequiel Duran","2B","TEX                  TEX","25","2025","2025","1","$776,500","$776,500","","$697,225","$697,225"
"251","Joey Ortiz","3B","MIL                  MIL","26","2025","2025","1","$776,000","$776,000","","$776,000","$776,000"
"T252","Richard Palacios","DH","TB                  TB","27","2025","2025","1","$775,700","$775,700","","$775,700","$775,700"
"T252","Tyler Freeman","SS","COL                  COL","25","2025","2025","1","$775,700","$775,700","","$775,700","$775,700"
"254","Josh Lowe","RF","TB                  TB","26","2025","2025","1","$775,100","$775,100","","$775,100","$775,100"
"T255","Endy Rodríguez","C","PIT                  PIT","24","2025","2025","1","$775,000","$775,000","","$775,000","$775,000"
"T255","Nick Gonzales","2B","PIT                  PIT","25","2025","2025","1","$775,000","$775,000","","$775,000","$775,000"
"257","Maikel Garcia","2B","KC                  KC","24","2025","2025","1","$774,750","$774,750","","$774,750","$774,750"
"258","Colton Cowser","LF","BAL                  BAL","24","2025","2025","1","$774,500","$774,500","","$774,500","$774,500"
"259","Jasson Domínguez","OF","NYY                  NYY","21","2025","2025","1","$774,200","$774,200","","$774,200","$774,200"
"T260","Brett Baty","3B","NYM                  NYM","24","2025","2025","1","$774,000","$774,000","","$728,175","$728,175"
"T260","Triston Casas","1B","BOS                  BOS","24","2025","2025","1","$774,000","$774,000","","$774,000","$774,000"
"T260","Romy Gonzalez","2B","BOS                  BOS","28","2025","2025","1","$774,000","$774,000","","$774,000","$774,000"
"T263","Wyatt Langford","OF","TEX                  TEX","22","2025","2025","1","$773,500","$773,500","","$773,500","$773,500"
"T263","Johan Rojas","CF","PHI                  PHI","24","2025","2025","1","$773,500","$773,500","","$773,500","$773,500"
"T265","Oswald Peraza","SS","NYY                  NYY","24","2025","2025","1","$772,700","$772,700","","$772,700","$772,700"
"T265","Jordan Westburg","2B","BAL                  BAL","25","2025","2025","1","$772,700","$772,700","","$772,700","$772,700"
"267","Jose Herrera","C","ARI                  ARI","27","2025","2025","1","$772,200","$772,200","","$772,200","$772,200"
"T268","Garrett Mitchell","OF","MIL                  MIL","26","2025","2025","1","$772,000","$772,000","","$772,000","$772,000"
"T268","Xavier Edwards","SS","MIA                  MIA","25","2025","2025","1","$772,000","$772,000","","$772,000","$772,000"
"T270","Christopher Morel","3B","TB                  TB","25","2025","2025","1","$771,800","$771,800","","$771,800","$771,800"
"T270","Sal Frelick","RF","MIL                  MIL","24","2025","2025","1","$771,800","$771,800","","$771,800","$771,800"
"T272","Brayan Rocchio","SS","CLE                  CLE","23","2025","2025","1","$771,000","$771,000","","$559,575","$559,575"
"T272","Pete Crow-Armstrong","CF","CHC                  CHC","22","2025","2025","1","$771,000","$771,000","","$771,000","$771,000"
"274","Masyn Winn","SS","STL                  STL","22","2025","2025","1","$770,850","$770,850","","$770,850","$770,850"
"275","Jordan Walker","RF","STL                  STL","22","2025","2025","1","$770,800","$770,800","","$770,800","$770,800"
"276","Matt Wallner","DH","MIN                  MIN","26","2025","2025","1","$770,750","$770,750","","$770,750","$770,750"
"277","Wenceel Perez","SS","DET                  DET","24","2025","2025","1","$770,700","$770,700","","$770,700","$770,700"
"278","Miguel Vargas","3B","CHW                  CHW","24","2025","2025","1","$770,400","$770,400","","$770,400","$770,400"
"279","Iván Herrera","C","STL                  STL","24","2025","2025","1","$770,300","$770,300","","$770,300","$770,300"
"280","Gabriel Arias","SS","CLE                  CLE","24","2025","2025","1","$770,200","$770,200","","$770,200","$770,200"
"281","Jonny DeLuca","OF","TB                  TB","26","2025","2025","1","$770,100","$770,100","","$770,100","$770,100"
"T282","Eric Wagaman","1B","MIA                  MIA","27","2025","2025","1","$770,000","$770,000","","$770,000","$770,000"
"T282","Shea Langeliers","C","ATH                  ATH","26","2025","2025","1","$770,000","$770,000","","$770,000","$770,000"
"T282","Jerar Encarnacion","OF","SF                  SF","26","2025","2025","1","$770,000","$770,000","","$770,000","$770,000"
"T282","Andy Pages","OF","LAD                  LAD","23","2025","2025","1","$770,000","$770,000","","$770,000","$770,000"
"T282","Nolan Jones","LF","CLE                  CLE","26","2025","2025","1","$770,000","$770,000","","$770,000","$770,000"
"T282","Matt McLain","2B","CIN                  CIN","25","2025","2025","1","$770,000","$770,000","","$770,000","$770,000"
"T282","Elly De La Cruz","SS","CIN                  CIN","22","2025","2025","1","$770,000","$770,000","","$770,000","$770,000"
"T282","Lenyn Sosa","2B","CHW                  CHW","24","2025","2025","1","$770,000","$770,000","","$770,000","$770,000"
"T282","Ignacio Alvarez","3B","ATL                  ATL","21","2025","2025","1","$770,000","$770,000","","$658,260","$658,260"
"291","Alex Call","LF","WSH                  WSH","30","2025","2025","1","$769,100","$769,100","","$769,100","$769,100"
"292","Dane Myers","OF","MIA                  MIA","28","2025","2025","1","$769,000","$769,000","","$769,000","$769,000"
"293","Jacob Young","OF","WSH                  WSH","25","2025","2025","1","$768,700","$768,700","","$768,700","$768,700"
"294","Pedro Pages","C","STL                  STL","26","2025","2025","1","$768,300","$768,300","","$768,300","$768,300"
"295","Kyle Stowers","RF","MIA                  MIA","26","2025","2025","1","$768,200","$768,200","","$768,200","$768,200"
"296","Miles Mastrobuoni","LF","SEA                  SEA","29","2025","2025","1","$768,000","$768,000","","$768,000","$768,000"
"297","Spencer Horwitz","1B","PIT                  PIT","26","2025","2025","1","$767,500","$767,500","","$767,500","$767,500"
"298","Nathan Lukes","CF","TOR                  TOR","30","2025","2025","1","$766,800","$766,800","","$766,800","$766,800"
"299","Jonathan Aranda","1B","TB                  TB","26","2025","2025","1","$766,500","$766,500","","$766,500","$766,500"
"300","Blaze Alexander","SS","ARI                  ARI","25","2025","2025","1","$766,300","$766,300","","$490,280","$490,280"
"T301","Ronny Mauricio","SS","NYM                  NYM","23","2025","2025","1","$766,000","$766,000","","$695,942","$695,942"
"T301","Luisangel Acuna","SS","NYM                  NYM","22","2025","2025","1","$766,000","$766,000","","$695,942","$695,942"
"T301","Daniel Schneemann","SS","CLE                  CLE","27","2025","2025","1","$766,000","$766,000","","$766,000","$766,000"
"304","Taylor Trammell","OF","HOU                  HOU","27","2025","2025","1","$765,200","$765,200","","$765,200","$765,200"
"T305","Zack Gelof","2B","ATH                  ATH","24","2025","2025","1","$765,000","$765,000","","$765,000","$765,000"
"T305","Max Schuemann","3B","ATH                  ATH","27","2025","2025","1","$765,000","$765,000","","$765,000","$765,000"
"T305","Tyler Soderstrom","1B","ATH                  ATH","22","2025","2025","1","$765,000","$765,000","","$765,000","$765,000"
"T305","Connor Norby","2B","MIA                  MIA","24","2025","2025","1","$765,000","$765,000","","$765,000","$765,000"
"T305","Brenton Doyle","CF","COL                  COL","26","2025","2025","1","$765,000","$765,000","","$765,000","$765,000"
"T305","Michael Toglia","1B","COL                  COL","26","2025","2025","1","$765,000","$765,000","","$699,210","$699,210"
"T305","Hunter Goodman","RF","COL                  COL","25","2025","2025","1","$765,000","$765,000","","$765,000","$765,000"
"312","Jackson Holliday","SS","BAL                  BAL","20","2025","2025","1","$764,800","$764,800","","$764,800","$764,800"
"313","James Wood","OF","WSH                  WSH","22","2025","2025","1","$764,600","$764,600","","$764,600","$764,600"
"314","Brooks Lee","SS","MIN                  MIN","23","2025","2025","1","$764,450","$764,450","","$764,450","$764,450"
"315","Victor Scott II","CF","STL                  STL","23","2025","2025","1","$764,150","$764,150","","$764,150","$764,150"
"316","Junior Caminero","3B","TB                  TB","21","2025","2025","1","$764,100","$764,100","","$764,100","$764,100"
"317","Trey Sweeney","SS","DET                  DET","24","2025","2025","1","$764,000","$764,000","","$747,656","$747,656"
"318","Carlos Narvaez","C","BOS                  BOS","25","2025","2025","1","$763,500","$763,500","","$763,500","$763,500"
"T319","Zach Dezenzo","SS","HOU                  HOU","24","2025","2025","1","$763,200","$763,200","","$763,200","$763,200"
"T319","Kyle Manzardo","DH","CLE                  CLE","24","2025","2025","1","$763,200","$763,200","","$763,200","$763,200"
"321","Will Wagner","2B","TOR                  TOR","26","2025","2025","1","$763,000","$763,000","","$512,750","$512,750"
"322","Brooks Baldwin","3B","CHW                  CHW","24","2025","2025","1","$762,625","$762,625","","$594,500","$594,500"
"323","Dillon Dingler","C","DET                  DET","26","2025","2025","1","$762,600","$762,600","","$762,600","$762,600"
"324","Griffin Conine","RF","MIA                  MIA","27","2025","2025","1","$762,500","$762,500","","$762,500","$762,500"
"325","Curtis Mead","3B","TB                  TB","23","2025","2025","1","$762,200","$762,200","","$729,444","$729,444"
"326","Ryan Bliss","SS","SEA                  SEA","24","2025","2025","1","$762,100","$762,100","","$762,100","$762,100"
"327","Jordan Beck","OF","COL                  COL","23","2025","2025","1","$762,000","$762,000","","$712,878","$712,878"
"328","Dylan Crews","OF","WSH                  WSH","22","2025","2025","1","$761,800","$761,800","","$761,800","$761,800"
"329","Javier Sanoja","SS","MIA                  MIA","22","2025","2025","1","$761,500","$761,500","","$761,500","$761,500"
"330","DaShawn Keirsey","OF","MIN                  MIN","27","2025","2025","1","$761,250","$761,250","","$699,903","$699,903"
"331","Isaac Collins","2B","MIL                  MIL","27","2025","2025","1","$761,100","$761,100","","$761,100","$761,100"
"332","Johnathan Rodriguez","OF","CLE                  CLE","24","2025","2025","1","$760,900","$760,900","","$515,466","$515,466"
"333","Pedro León","OF","HOU                  HOU","26","2025","2025","1","$760,400","$760,400","","$760,400","$760,400"
"T334","Brice Matthews","SS","HOU                  HOU","23","2025","2025","1","$760,000","$760,000","","$322,794","$322,794"
"T334","Cam Devanney","SS","KC                  KC","28","2025","2025","1","$760,000","$760,000","","$335,052","$335,052"
"T334","Alex Jackson","C","BAL                  BAL","29","2025","2025","1","$760,000","$760,000","","$343,224","$343,224"
"T334","Tristin English","1B","ARI                  ARI","28","2025","2025","1","$760,000","$760,000","","$343,224","$343,224"
"T334","Zack Short","2B","HOU                  HOU","30","2025","2025","1","$760,000","$760,000","","$359,568","$359,568"
"T334","Anthony Seigler","C","MIL                  MIL","26","2025","2025","1","$760,000","$760,000","","$363,654","$363,654"
"T334","Austin Nola","C","COL                  COL","35","2025","2025","1","$760,000","$760,000","","$363,654","$363,654"
"T334","Jacob Stallings","C","BAL                  BAL","35","2025","2025","1","$760,000","$760,000","","$363,654","$363,654"
"T334","Bryce Johnson","CF","SD                  SD","29","2025","2025","1","$760,000","$760,000","","$429,030","$429,030"
"T334","Brady House","SS","WSH                  WSH","22","2025","2025","1","$760,000","$760,000","","$429,030","$429,030"
"T334","Trenton Brooks","1B","SD                  SD","29","2025","2025","1","$760,000","$760,000","","$433,116","$433,116"
"T334","Cooper Hummel","LF","HOU                  HOU","30","2025","2025","1","$760,000","$760,000","","$437,202","$437,202"
"T334","Christian Moore","2B","LAA                  LAA","22","2025","2025","1","$760,000","$760,000","","$441,288","$441,288"
"T334","Will Robertson","RF","CHW                  CHW","27","2025","2025","1","$760,000","$760,000","","$322,794","$322,794"
"T334","Luis Vazquez","SS","BAL                  BAL","25","2025","2025","1","$760,000","$760,000","","$453,546","$453,546"
"T334","Roman Anthony","OF","BOS                  BOS","21","2025","2025","1","$760,000","$760,000","","$457,632","$457,632"
"T334","Otto Kemp","3B","PHI                  PHI","25","2025","2025","1","$760,000","$760,000","","$465,806","$465,806"
"T334","Ryan Ritter","SS","COL                  COL","24","2025","2025","1","$760,000","$760,000","","$469,890","$469,890"
"T334","Kyle Teel","C","CHW                  CHW","23","2025","2025","1","$760,000","$760,000","","$469,890","$469,890"
"T334","Dominic Smith","1B","SF                  SF","29","2025","2025","1","$760,000","$760,000","","$478,062","$478,062"
"T334","Jac Caglianone","1B","KC                  KC","22","2025","2025","1","$760,000","$760,000","","$486,234","$486,234"
"T334","Jacob Melton","CF","HOU                  HOU","24","2025","2025","1","$760,000","$760,000","","$490,320","$490,320"
"T334","Cole Young","SS","SEA                  SEA","21","2025","2025","1","$760,000","$760,000","","$494,406","$494,406"
"T334","Heriberto Hernandez","C","MIA                  MIA","25","2025","2025","1","$760,000","$760,000","","$498,492","$498,492"
"T334","Orlando Arcia","SS","COL                  COL","30","2025","2025","1","$760,000","$760,000","","$506,664","$506,664"
"T334","John Rave","CF","KC                  KC","27","2025","2025","1","$760,000","$760,000","","$514,836","$514,836"
"T334","Chadwick Tromp","C","BAL                  BAL","30","2025","2025","1","$760,000","$760,000","","$416,772","$416,772"
"T334","Chris Taylor","3B","LAA                  LAA","34","2025","2025","1","$760,000","$760,000","","$514,836","$514,836"
"T334","Reese McGuire","C","CHC                  CHC","30","2025","2025","1","$760,000","$760,000","","$523,008","$523,008"
"T334","Alejandro Osuna","OF","TEX                  TEX","22","2025","2025","1","$760,000","$760,000","","$518,922","$518,922"
"T334","Marcelo Mayer","SS","BOS                  BOS","22","2025","2025","1","$760,000","$760,000","","$523,008","$523,008"
"T334","Daylen Lile","OF","WSH                  WSH","22","2025","2025","1","$760,000","$760,000","","$486,234","$486,234"
"T334","Dalton Rushing","C","LAD                  LAD","24","2025","2025","1","$760,000","$760,000","","$563,868","$563,868"
"T334","Tim Elko","1B","CHW                  CHW","26","2025","2025","1","$760,000","$760,000","","$424,944","$424,944"
"T334","Luke Maile","C","KC                  KC","34","2025","2025","1","$760,000","$760,000","","$420,858","$420,858"
"T334","Maverick Handley","C","BAL                  BAL","27","2025","2025","1","$760,000","$760,000","","$600,642","$600,642"
"T334","Nick Kurtz","1B","ATH                  ATH","22","2025","2025","1","$760,000","$760,000","","$649,674","$649,674"
"T334","Luke Keaschall","2B","MIN                  MIN","22","2025","2025","1","$760,000","$760,000","","$670,104","$670,104"
"T334","Chandler Simpson","2B","TB                  TB","24","2025","2025","1","$760,000","$760,000","","$563,868","$563,868"
"T334","Edgar Quero","C","CHW                  CHW","22","2025","2025","1","$760,000","$760,000","","$674,190","$674,190"
"T334","Ben Williamson","3B","SEA                  SEA","24","2025","2025","1","$760,000","$760,000","","$690,534","$690,534"
"T334","Rob Brantly","C","MIA                  MIA","35","2025","2025","1","$760,000","$760,000","","$698,706","$698,706"
"T334","Yohel Pozo","C","STL                  STL","27","2025","2025","1","$760,000","$760,000","","$715,050","$715,050"
"T334","Tyler Tolbert","SS","KC                  KC","27","2025","2025","1","$760,000","$760,000","","$588,384","$588,384"
"T334","Christian Koss","SS","SF                  SF","27","2025","2025","1","$760,000","$760,000","","$735,480","$735,480"
"T334","Will Wilson","SS","CLE                  CLE","26","2025","2025","1","$760,000","$760,000","","$539,352","$539,352"
"T334","Cam Smith","3B","HOU                  HOU","22","2025","2025","1","$760,000","$760,000","","$760,000","$760,000"
"T334","Chase Meidroth","2B","CHW                  CHW","23","2025","2025","1","$760,000","$760,000","","$698,706","$698,706"
"T334","Max Muncy","SS","ATH                  ATH","22","2025","2025","1","$760,000","$760,000","","$588,384","$588,384"
"T334","Hayden Senger","C","NYM                  NYM","27","2025","2025","1","$760,000","$760,000","","$523,008","$523,008"
"T334","Drake Baldwin","C","ATL                  ATL","23","2025","2025","1","$760,000","$760,000","","$760,000","$760,000"
"T334","Matt Shaw","SS","CHC                  CHC","23","2025","2025","1","$760,000","$760,000","","$621,072","$621,072"
"T334","Alexander Canario","OF","PIT                  PIT","24","2025","2025","1","$760,000","$760,000","","$731,397","$731,397"
"T334","Liam Hicks","C","MIA                  MIA","25","2025","2025","1","$760,000","$760,000","","$760,000","$760,000"
"T334","Colson Montgomery","SS","CHW                  CHW","22","2025","2025","1","$760,000","$760,000","","$351,396","$351,396"
"T334","Denzel Clarke","OF","ATH                  ATH","24","2025","2025","1","$760,000","$760,000","","$527,094","$527,094"
"T334","Jake Mangum","CF","TB                  TB","28","2025","2025","1","$760,000","$760,000","","$751,827","$751,827"
"T334","Tyler Callihan","2B","CIN                  CIN","24","2025","2025","1","$760,000","$760,000","","$621,072","$621,072"
"T334","Caleb Durbin","SS","MIL                  MIL","24","2025","2025","1","$760,000","$760,000","","$670,104","$670,104"
"T334","J.C. Escarra","1B","NYY                  NYY","29","2025","2025","1","$760,000","$760,000","","$760,000","$760,000"
"T334","Kenedy Corona","OF","HOU                  HOU","24","2025","2025","1","$760,000","$760,000","","$339,138","$339,138"
"T334","Ryan Noda","1B","CHW                  CHW","28","2025","2025","1","$760,000","$760,000","","$437,202","$437,202"
"T334","Esteury Ruiz","CF","LAD                  LAD","25","2025","2025","1","$760,000","$760,000","","$355,482","$355,482"
"T334","Jacob Wilson","SS","ATH                  ATH","22","2025","2025","1","$760,000","$760,000","","$760,000","$760,000"
"T334","Drew Millas","C","WSH                  WSH","26","2025","2025","1","$760,000","$760,000","","$375,912","$375,912"
"T334","Addison Barger","SS","TOR                  TOR","24","2025","2025","1","$760,000","$760,000","","$682,362","$682,362"
"T334","Leonardo Jimenez","SS","TOR                  TOR","23","2025","2025","1","$760,000","$760,000","","$363,654","$363,654"
"T334","Joey Loperfido","OF","TOR                  TOR","25","2025","2025","1","$760,000","$760,000","","$343,224","$343,224"
"T334","Evan Carter","LF","TEX                  TEX","22","2025","2025","1","$760,000","$760,000","","$596,556","$596,556"
"T334","Jose Fermin","2B","STL                  STL","25","2025","2025","1","$760,000","$760,000","","$392,256","$392,256"
"T334","Thomas Saggese","SS","STL                  STL","22","2025","2025","1","$760,000","$760,000","","$506,664","$506,664"
"T334","Dominic Canzone","RF","SEA                  SEA","27","2025","2025","1","$760,000","$760,000","","$482,148","$482,148"
"T334","Brett Wisely","2B","SF                  SF","25","2025","2025","1","$760,000","$760,000","","$473,976","$473,976"
"T334","Henry Davis","C","PIT                  PIT","25","2025","2025","1","$760,000","$760,000","","$694,620","$694,620"
"T334","Jorbit Vivas","SS","NYY                  NYY","23","2025","2025","1","$760,000","$760,000","","$461,718","$461,718"
"T334","Michael Helman","2B","TEX                  TEX","28","2025","2025","1","$760,000","$760,000","","$379,998","$379,998"
"T334","Andruw Monasterio","SS","MIL                  MIL","27","2025","2025","1","$760,000","$760,000","","$584,298","$584,298"
"T334","Agustin Ramirez","C","MIA                  MIA","23","2025","2025","1","$760,000","$760,000","","$657,846","$657,846"
"T334","Gustavo Campero","OF","LAA                  LAA","27","2025","2025","1","$760,000","$760,000","","$453,546","$453,546"
"T334","Nick Loftin","SS","KC                  KC","26","2025","2025","1","$760,000","$760,000","","$539,352","$539,352"
"T334","César Salazar","C","HOU                  HOU","28","2025","2025","1","$760,000","$760,000","","$604,728","$604,728"
"T334","Yanquiel Fernandez","OF","COL                  COL","21","2025","2025","1","$760,000","$760,000","","$363,654","$363,654"
"T334","Will Brennan","RF","CLE                  CLE","26","2025","2025","1","$760,000","$760,000","","$572,040","$572,040"
"T334","Angel Martinez","CF","CLE                  CLE","22","2025","2025","1","$760,000","$760,000","","$706,878","$706,878"
"T334","Stuart Fairchild","OF","ATL                  ATL","28","2025","2025","1","$760,000","$760,000","","$759,032","$759,032"
"T334","Will Benson","RF","CIN                  CIN","26","2025","2025","1","$760,000","$760,000","","$600,642","$600,642"
"T334","Noelvi Marte","3B","CIN                  CIN","22","2025","2025","1","$760,000","$760,000","","$702,792","$702,792"
"T334","Coby Mayo","3B","BAL                  BAL","22","2025","2025","1","$760,000","$760,000","","$518,922","$518,922"
"T334","Luke Williams","SS","ATL                  ATL","28","2025","2025","1","$760,000","$760,000","","$584,298","$584,298"

